<?xml version="1.0" encoding="UTF-8"?>
<project-private xmlns="http://www.netbeans.org/ns/project-private/1">
    <editor-bookmarks xmlns="http://www.netbeans.org/ns/editor-bookmarks/2" lastBookmarkId="0"/>
    <open-files xmlns="http://www.netbeans.org/ns/projectui-open-files/2">
        <group>
            <file>file:/C:/projects/matc-oop-java/Javed_GuessTheWord/src/javed_guesstheword/Dictionary.java</file>
            <file>file:/C:/projects/matc-oop-java/Javed_GuessTheWord/src/javed_guesstheword/Javed_GuessTheWord.java</file>
            <file>file:/C:/projects/matc-oop-java/Javed_GuessTheWord/src/javed_guesstheword/Model.java</file>
            <file>file:/C:/projects/matc-oop-java/Javed_GuessTheWord/src/javed_guesstheword/View.java</file>
            <file>file:/C:/projects/matc-oop-java/Javed_GuessTheWord/src/javed_guesstheword/Controller.java</file>
        </group>
    </open-files>
</project-private>
